Risk number, Capability, Undesirable event, Risk Description (Briefly describe what may happen if the Undesired event materializes., Likelihood Score, Consequences Score, Risk Score, Net Score, Jusification for Likelihood Score, Justification for Consequences Score, Mitigation, Desired behavior, Preventative behavior, Responsive behavior, Functional Requirements as per Q1, Preventative requirements as per Q2, Responsive requirements as per Q3,,
1,Automatically create database,Overwrite existing database,The application use its ability of creating new database to overwrite existing data with real data,2,5,2x5,10,unlikely to happen unless there's bug in the code,if this happen all the data will be gone without way to recover,Automated unit test to prevent this from happening,"The app shall scan to find if existing database exist, if there's no database then create a new one. If there's one then do not create a new one",Never overwrite existing file when creating database,The app should throw error if it try to create a new database and found that it's about to overwrite a file,The app shall create and initialize a SQLite database file with all required tables (User/Deck/Card/Review) when no database file exists,The app shall check for an existing database file before any create or migrate operation and abort creation if one is found,The app shall abort startup and log a clear error naming the existing file path instead of writing over it,,
2,Password authentication,a user with wrong password can still login,The application check for correct combination of username and password,1,5,1x5,5,unlikely to happen unless there's bug in the code,if this happens user private data will be exposed and lost,Automated unit test to prevent this from happening,"the app shall verify that a combination of username and password is correct, if username is correct but password is not, then it should show an error",Compare submitted password against the bcrypt hash only; never compare plaintext or short-circuit the comparison,Return a generic 401 error and do not issue a JWT when the comparison fails,The app shall expose POST /api/auth/login that returns a valid JWT only when the username and password combination is correct,The app shall validate the login body with Zod and verify the password with bcrypt.compare before issuing any token,The app shall respond 401 with a consistent JSON error format and record the failed attempt,,
3,token authentication,a session with bad token can still continue,The application check the token to determine current login session,1,5,1x5,5,unlikely to happen unless there's bug in the code,if this happens user private data will be exposed and lost,Automated unit test to prevent this from happening,The app shall verify the JWT signature and expiry on every protected request and reject missing/invalid/expired tokens,Middleware verifies signature and expiration before attaching req.user; no route bypasses the middleware,Reject the request with 401 and force re-authentication when verification fails,The app shall protect all private routes with an authMiddleware that attaches the decoded user to req.user,The app shall verify token signature and expiration with jsonwebtoken on every protected route and unit test that bad or expired tokens are rejected,The app shall respond 401 and clear the client session so the user is redirected to login,,
4,Review schedule,overly aggressive or leniet review schedules,A scheduling bug can cause overly aggressive or leniet review schedules,3,4,3x4,12,Scheduling logic is hard to implement and prone to error ,"If this happens, user study progress will be interupted and not as efficient",Automated unit test of the SRS engine wrapper against ts-fsrs official examples,"The app shall map UI ratings (Easy/Medium/Hard) to the FSRS 1-4 scale and compute nextReview correctly for new, young and mature cards",Keep scheduling logic in an isolated pure-function service (packages/srs-engine) with documented default parameters,Log the computed interval and allow the schedule to be recalculated without losing review history,The app shall calculate an updated card state and nextReview date from the current state and the user rating without side effects,The app shall unit test every rating combination and assert that Hard yields a sooner nextReview than Easy and that new cards initialize correctly,The app shall provide a schedule recalculation path and keep the Review history intact for auditing,,
5,Database schema and relations,Orphaned cards or broken relations after deletion,Deleting a deck or user leaves cards and reviews pointing at records that no longer exist so queries fail or data is unreachable,2,4,2x4,8,Prisma relation behavior is explicit but easy to misconfigure,Study data becomes unreachable or the API errors on every read of the affected deck,Explicit Prisma relation rules plus integration tests on delete flows,The app shall remove or soft-delete all cards and reviews belonging to a deleted deck,Define onDelete behavior explicitly in the Prisma schema for every relation,Detect and report orphaned rows so they can be cleaned up,The app shall support DELETE of a deck and handle its associated cards according to the configured cascade or soft-delete policy,The app shall declare explicit referential actions in the Prisma schema and integration test deletion against an in-memory DB,The app shall run a consistency check that reports orphaned cards or reviews and allow an admin cleanup,,
6,Input validation for Deck and Card CRUD,Validation bypass lets malformed data reach the database,A request that skips client-side validation is accepted by the server and stores invalid or malicious data,3,4,3x4,12,Client-only validation is a common oversight and the API is directly reachable,Corrupted records can break study sessions and require manual data repair,Server-side Zod validation middleware plus integration tests,The app shall validate every create and update request body on the server before touching the database,Enforce shared Zod schemas in Express middleware ahead of any Prisma call,Reject invalid payloads with a consistent JSON error describing the failing fields,"The app shall expose GET, POST, PUT and DELETE endpoints for decks and cards that persist valid data and return a consistent success/error JSON format",The app shall run shared Zod schemas from shared-types as Express middleware on every mutating route and unit test rejection of malformed bodies,The app shall respond 400 with field-level error details and leave the database unchanged,,
7,Study session backend logic,Race condition on rapid reviews corrupts card state,Two overlapping review submissions update fsrsState or history partially so the card state and Review records disagree,3,4,3x4,12,Users can rate cards faster than a request round-trip and SQLite locks are transient,Card scheduling becomes wrong and review history is incomplete or duplicated,Wrap each review in a Prisma transaction and add retry logic for SQLite locks,The app shall update fsrsState and create the matching Review record atomically for each rating,Perform the state update and history insert inside a single database transaction,Roll back the whole review on failure and return an error so the client can retry,"The app shall expose POST /api/study/review that updates fsrsState and nextReview, creates a Review record, and returns the next due card",The app shall wrap each review in a Prisma transaction and integration test rapid sequential reviews for state consistency,The app shall roll back partial updates and retry transient SQLite lock failures before surfacing an error,,
8,Fetching due cards,Wrong cards returned or queue performance degrades,The due-card query returns cards that are not due or misses due cards or becomes slow on large decks so study sessions stall,3,3,3x3,9,Date filtering with null nextReview values is easy to get wrong and large decks are unindexed by default,Users study the wrong material or the app feels unusable on big collections,Database indexes plus integration tests with seeded large datasets and fixed timestamps,The app shall return only cards where nextReview is null or nextReview is less than or equal to now for the requested deck,Index nextReview and deckId in Prisma and test the query with fixed seeded timestamps,Report slow queries and paginate or cap the returned queue,The app shall expose GET /api/study/due returning the correct due-card queue for the selected deck,The app shall add DB indexes on nextReview and deckId and unit test the due filter including null nextReview,The app shall log query timings above a threshold and limit queue size so the session still starts,,
9,Interactive study session interface,Wrong card shown or rating applied to the wrong card,Optimistic UI updates or queue mis-indexing cause the answer or rating to be attached to a different card than the one displayed,3,4,3x4,12,Optimistic updates and async mutations make ordering bugs likely,User ratings corrupt the schedule of unrelated cards and trust in the app drops,Unit and component tests of the session store plus server-side card id validation,The app shall always submit the rating together with the id of the card currently displayed,Key session state by card id in the Zustand store rather than by list position,Revert the optimistic update and show a clear error if the server rejects or mismatches the card id,"The app shall display the active deck context and card queue, reveal the answer without a page reload, and submit the rating for the displayed card",The app shall track the current card by id in session state and unit test that the rating is sent with the matching card id,The app shall revert the local queue to the server state on mutation failure and show an actionable error message,,
10,Interactive study session interface,Poor UX on slow or failed network,Rating submissions hang or silently fail so the user does not know whether progress was saved,3,2,3x2,6,Mobile and campus networks are frequently slow or intermittent,Users repeat or lose a few reviews but there is no permanent data corruption,React Query mutation callbacks with loading and error states,The app shall show loading feedback during sync and confirm or clearly reject each submission,Use React Query mutations with onSuccess and onError plus skeleton and disabled states,Retry the mutation or reconcile with the server response and inform the user,The app shall end the session gracefully with a summary when no cards remain due,The app shall render skeleton or loading states and disable the rating controls while a mutation is in flight,"The app shall retry failed mutations, reconcile local state with the API response, and surface the failure to the user",,
11,Deck management user interface,Wrong deck opened or edited,Selecting a deck routes to or mutates a different deck so the user studies or deletes the wrong content,2,4,2x4,8,Routing and list keying bugs are common but caught quickly in testing,A user can lose an entire deck or study unintended material,Component tests on routing and mutation targets plus a confirmation step for destructive actions,The app shall open and mutate exactly the deck the user selected,Route by deck id and key list items by id rather than by index,Require confirmation before delete and support undo or restore where possible,"The app shall list all decks and allow add, update, remove, and selection that redirects to the correct deck view","The app shall route by deck id and unit test that add, update and remove act on the selected deck only",The app shall require an explicit confirmation for deletion and report which deck was affected,,
12,Card import from CSV,Malformed file crashes the parser or server,"A CSV with missing fields, wrong encoding, or no rows throws an unhandled error and takes down the import or the server process",3,3,3x3,9,User-supplied files vary widely and edge cases are easy to miss,Import fails for the user and a crash interrupts service for everyone,Zod validation before insertion plus parser unit tests for edge cases,The app shall reject malformed rows gracefully and continue or abort with a clear report,Validate every parsed row with Zod before any database insert and wrap parsing in try/catch,Return a user-friendly error listing the offending rows without crashing the server,The app shall parse an uploaded CSV into card objects and insert only rows that pass validation,"The app shall validate parsed rows with Zod and unit test the parser against empty files, missing fields and encoding issues",The app shall return a per-row error report with a friendly message and leave the existing deck unchanged,,
13,Card import from CSV,Memory overflow on large imports,Importing more than roughly ten thousand cards at once exhausts server memory and the process is killed mid-import,2,4,2x4,8,Large imports are plausible for shared decks but not the common case,The server restarts and the deck is left in a partially imported state,Streaming parse with chunked database inserts and progress tracking,The app shall import large files without exhausting memory and report progress,Stream the file and insert in bounded chunks instead of loading all rows in memory,Resume or roll back a partial import so the deck is not left inconsistent,The app shall support imports of large CSV files without crashing or exhausting server memory,The app shall stream parsing and perform chunked inserts with a configurable batch size and progress reporting,The app shall detect an interrupted import and either resume from the last committed chunk or roll it back,,
14,Card import from CSV,Silent data loss or duplicate cards,Rows are dropped during parsing errors or duplicates are inserted so the deck does not match the source file,3,3,3x3,9,Duplicate handling depends on user preference and is easy to implement inconsistently,The user deck content is wrong and they may not notice until studying,Duplicate detection with an explicit skip or merge preference and an import summary,The app shall detect duplicates and skip or merge them according to the user chosen preference,Compare incoming cards against existing ones on a defined key before insert,"Report counts of inserted, skipped, merged and failed rows after every import",The app shall handle duplicates by skipping or merging based on the user preference,The app shall implement duplicate detection on a defined card key and unit test skip and merge behavior,"The app shall show an import summary with inserted, skipped, merged and failed counts so the user can verify the result",,
15,Card export to CSV,Exported file does not round-trip,"Export produces a CSV that the importer cannot read because of quoting, delimiters, or a schema mismatch",2,3,2x3,6,Escaping and schema drift between import and export are common oversights,Users cannot back up or share decks reliably,Round-trip tests that export a deck and re-import it,The app shall export a valid readable CSV that matches the import schema exactly,Generate CSV with a library that escapes quotes and newlines and share the column schema with the importer,Validate the generated file before download and report failures,The app shall export a deck as a valid CSV matching the import schema,The app shall reuse the shared import schema for export columns and unit test an export then import round-trip,The app shall validate the generated file and report an error instead of offering a corrupt download,,
16,Automated test suite,Flaky tests cause false CI failures,Non-deterministic tests fail intermittently so merges are blocked or real failures are ignored,3,3,3x3,9,"Timing, network and date dependent tests are inherently unstable",Team velocity drops and developers start ignoring CI results,"Mock external services, use fixed timestamps and seeds, and add retries for E2E steps",The test suite shall produce the same result for the same code on every run,Mock network calls and inject fixed clocks and seeds into scheduling and integration tests,Quarantine and fix flaky tests rather than disabling coverage,"The project shall run unit tests covering the SRS engine, services and utilities, integration tests with in-memory SQLite and Supertest, and Playwright E2E user journeys",The project shall mock external services and use fixed timestamps and seeds so tests are deterministic,"The project shall retry known-flaky E2E steps, report the flake, and track it for repair",,
17,CI/CD pipeline,Broken or untested code merged to main,GitHub Actions does not block a failing lint or test run so defective code reaches main and the Docker build,2,4,2x4,8,Branch protection and workflow configuration can be misconfigured,Regressions ship to users and a rollback plus hotfix is required,Required status checks on protected branches plus Docker build verification on merge,"The project shall block any merge whose lint, test or build stage fails","Configure required status checks and run lint, unit, integration and build jobs on every push and pull request",Revert the offending commit and fix forward with a regression test,The project shall run linting and tests on push and build Docker images for client and server on merge,The project shall enforce required status checks on main so failing lint or test runs block the merge,The project shall support reverting the merge and require a regression test with the fix,,
18,CI/CD pipeline,Slow CI or environment mismatch,CI runs take too long or behave differently from local machines so results are untrustworthy and development is delayed,3,2,3x2,6,Dependency installs and E2E suites are slow and environments drift easily,Delays and wasted debugging time but no direct data loss,"Parallelize suites, cache dependencies, and pin the runtime in Docker",The project CI shall complete quickly and reproduce local results,"Cache dependencies, split suites into parallel jobs, and pin Node and package versions",Investigate divergence by reproducing the CI environment locally in Docker,The project shall build Docker images that run identically in CI and locally,"The project shall cache dependencies, parallelize test jobs, and pin runtime versions across local and CI environments",The project shall let developers reproduce a CI failure locally with the same Docker image and full regression suite,,
